Name,Tags
accessibility,"inclusive, equity, disability, disabled, access, accessible"
agriculture,"farm, farms, farming, garden, gardens, gardening, tools, shovel, pitchfork, cultivate, grow, till, soil, harvest, harvesting"
air,"blow, wind, winds, windy, flow, airflow, breeze, breezy"
air-pollution,"dirty, polluted, toxic, skull, unbreatheable, climate"
air-quality,"clean, breathe, breatheable, filter, filters, filtering, measure, flow, airflow"
albums,"carousel, carousels, gallery, galleries, stacked, photo, photos, image, images, sort, browse, photo album"
amexcard,"American Express, credit card, credit, card, cards, pay, payment, charge, money, AMEX, amex"
amusement,"horse, horses, carousel, carousel, merry-go-round, roundabout, carnival, ride, rides, amusement park"
anchor,"nautical, boat, boats, ship, ships, yacht, yachts, drop, anchored, anchors away, harbor, sea, seas, ocean, oceans, water, stay, hold, attach, weigh down"
android,"Linux, mobile, phone, phones, cell phone, cellphone, cellular, smartphone, tablet, touchscreen"
angry,"annoyed, bitter, enraged, exasperated, furious, heated, indignant, irate, irritable, irritated, mad, offended, outraged, resentful, sullen, uptight"
apple,"Mac, Macintosh, mobile, phone, phones, cell phone, cellphone, cellular, smartphone, tablet, touchscreen, iPad"
apple-pay,"pay, payment, charge, epay, e-pay, wallet, money, buy"
apps,"API, Application Programming Interface, application, applications, app, mobile, menu, bento"
archive,"archives, archiving, box, boxed, boxing, storage, store, document, documents, file, files"
arrow-down,"triangle, point, points, pointer, indicate, indicator, direction, control"
arrow-fill-down,"point, points, pointer, indicate, indicator, direction, control, down"
arrow-fill-left,"point, points, pointer, indicate, indicator, direction, control, left"
arrow-fill-left-down,"point, points, pointer, indicate, indicator, direction, control, left, down"
arrow-fill-left-up,"point, points, pointer, indicate, indicator, direction, control, left, up"
arrow-fill-right,"point, points, pointer, indicate, indicator, direction, control, right"
arrow-fill-right-down,"point, points, pointer, indicate, indicator, direction, control, right, down"
arrow-fill-right-up,"point, points, pointer, indicate, indicator, direction, control, right, up"
arrow-fill-up,"point, points, pointer, indicate, indicator, direction, control, up"
arrow-left,"triangle, point, points, pointer, indicate, indicator, direction, control, left"
arrow-next,"carat, point, points, pointer, indicate, indicator, direction, control, ext"
arrow-prev,"carat, point, points, pointer, indicate, indicator, direction, control, previous"
arrow-right,"triangle, point, points, pointer, indicate, indicator, direction, control, right"
arrow-up,"triangle, point, points, pointer, indicate, indicator, direction, control, up"
at-sign,"asperand, at symbol, commercial at, address sign, email address, email, emails, address, addresses, social media, handle, ligature"
attachment,"attach, document, documents, file, files, upload, uploads, add, include, clip, paperclip"
audience,"audiences, people, person, persons, persona, group, groups, three, user, users, team, teams, teammates, members"
audio,"listen, listens, listening, hear, hears, hearing, headphone, headphones, headset, music, earpiece, ear, ears"
badminton,"game, play, player, players, sport, sports, raquet, shuttlecock, net, team, teams, court, activity"
balloons,"balloon, ballooning, ballooned, present, gift, party, parties, celebrate, fair, circus, birthday, birthdays, congrats, congratulations"
bar-chart,"bar graph, graphs, data, visualization, charts, bars, value, values, column, columns, vertical, vertically, horizontal, horizontally, axis, axes, categories, measure"
barge-ship,"ships, cargo, supply chain, boat, boats, transport, transporting, goods, freight, flat-bottomed, canal, river, ocean, oceans, sea, seas, water, consumer, commercial"
bars-up,"bar, chart, charts, arrow, arrows, point, direction, upward, trend, positive, volume"
bars-upward,"bar graph, graphs, data, visualization, chart, charts, bar, value, values, column, columns, vertical, vertically, horizontal, horizontally, axis, axes, categories, measure, up, trend, growth, positive, arrow, improve, improvement"
baseball,"game, play, player, players, sport, sports, team, teams, activity, base, bases, bat, field, homerun, pastime, ballpark, throw, hit, catch, glove, MLB, Major League Baseball, league"
basketball,"game, play, player, players, sport, sports, team, teams, activity, court, full-court, basket, jump shot, layup, dribble, net, swish, NBA, National Basketball Association, league, bounce, pass"
bath,"bathing, bathtub, tub, shower, showering, clean, cleaning, cleanliness, hygiene, health, water, soap"
bear,"California, CA, state, flag, flags, bear flag, mascot, bears, brown, grizzly, symbol, emblem, logo"
bell,"bells, ring, rings, ringing, ringer, alarm, sound, chime, tone"
bike,"motorbike, motorcycle, cycle, ride, rider, riding, helmet, sport bike, moto, modern"
billiards,"8-ball, balls, billiard balls, billiard ball, pool, corner, side, pocket, scratch, cue, rack, velvet, table, chalk, striped, solid"
binoculars,"binoc, binocs, zoom, magnify, enhance, field glasses, larger, optical, lens, eyes, look, view, viewing, distant, far away, spy, peep, peeping, spyglass, telescope"
biohazard,"bio, biological, hazard, waste, toxic, chemical, disease, threat, dangerous, harmful, health, environment, humans, animals, infectious, infect, contaminate, contamination, microorganism, bacteria, virus, COVID-19, coronavirus, corona, COVID"
boat,"ship, ships, boats, yacht, yachts, canal, river, ocean, oceans, sea, seas, luxury, fish, fishing, fish, water, Coast Guard, coast, patrol, shore"
book,"books, library, libraries, read, readers, reading, album, dictionary, publication, publications, text, textbook, volume, fiction, write, writing, manual, manuals, handbook, glossary, lexicon, terminology, thesaurus, vocabulary, word, words, edition, author, authors"
bookmark,"book, books, mark, marker, placeholder, save, record, address, URL, website, webpage, page, file, folder, quick, direct, link, access, favorite, favorites, hotlist, whitelist"
books,"book, library, libraries, read, readers, reading, album, dictionary, publication, publications, text, textbook, volume, fiction, write, writing, manual, manuals, handbook, glossary, lexicon, terminology, thesaurus, vocabulary, word, words, edition, author, authors"
bowling,"ball, balls, bowl, bowler, bowls, sport, sports, lane, bumper, pin, pins, strike, spare, alley, gutter, heavy, round"
brain,"brains, think, idea, ideate, intelligent, intellect, intellectual, smart, smarts, genius, scholar, sage, mastermind, psychology, mind, head, skull, grey matter, nerves, nervous system, sensory, motor, learning, learn, mental, mental health, injury, injuries, disability, impairment, psychology, psychological, cognitive, autism"
bridge,"bridges, bridging, bridged, connect, connecting, connection, transition, cross, crossing, unite, link, bond, span, tie, extension, branch, platform, overpass, path, pathway, passage, structure, road, roadway, build, building"
bridge-alt,"bridges, bridging, bridged, connect, connecting, connection, transition, cross, crossing, unite, link, bond, span, tie, extension, branch, platform, overpass, path, pathway, passage, structure, road, roadway, build, building"
briefcase,"brief, case, bag, baggage, folder, portfolio, padfolio, messenger bag, roller, expandable, valise, attache, leather, aluminum, carry, carrying, store, storage, business, office, work, working, career, interview, job, seek, seeker, professional, profession"
building,"build, builder, building, structure, architect, architecture, construction, construct, edifice, skyscraper, city, urban, skyline, downtown, view, window, floor, elevator, business, office, offices, brick, steel, stone, glass"
bullet,"bullet,dot,period,circle,point"
bus,"busses, bussed, bussing, urban, city, metro, mass, transit, school, shuttle, public, transport, transportation, fare, fares, access, board, passenger, passengers, vehicle, route, pass, passes, service, municiple"
bus-alt,"busses, bussed, bussing, urban, city, metro, mass, transit, school, shuttle, public, transport, transportation, fare, fares, access, board, passenger, passengers, vehicle, route, pass, passes, service, municiple"
ca-capitol,"California, state, building, seat, govern, government, governor, Sacramento, capital, chambers, legislature, assembly, senate, neoclassical"
ca-state,"California, Unites States, map, outline"
cal,"calendar, calendars, agenda, time, season, seasons, seasonal, year, years, month, months, week, weeks, day, days, date, dates, schedule, scheduler, scheduling, plan, planner, planning, Monday, Tuesday, Wednesday, Thursday, Friday, Saturday, Sunday, set, holiday, day off, time off, save the date, meeting, pages, chart, timetable"
cal-bear,"California, CA, state, flag, flags, bear flag, mascot, bears, brown, grizzly, symbol, emblem, star, logo"
calculator,"calculate, calculations, computer, count, counter, number, numbers, add, subtract, divide, multiply, equals, percent, percentage, tally, sum, value, total, math, mathematical, mathematics, arithmetic, equations, electronic, device, keyboard"
calendar,"cal, calendars, agenda, time, season, seasons, seasonal, year, years, month, months, week, weeks, day, days, date, dates, schedule, scheduler, scheduling, plan, planner, planning, Monday, Tuesday, Wednesday, Thursday, Friday, Saturday, Sunday, set, holiday, day off, time off, save the date, meeting, pages, chart, timetable"
call,"caller, calling, phone, telephone, telecom, telecommunications, communications, phonecall, ring, ringer, ringing, ringtone, buzz, bell, tinkle, sound, volume, speak, speaking, speakerphone, contact, contact us, message, text"
camera,"cam, cameras, picture, photo, photograph, photographs, film, image, images, lens, focus, shutter, click, point, visual, device, optical, capture, develop"
campfire,"camp, camping, campers, campground, encampment, park, parks, state park, outdoors, fire, log, logs, crackling, s'mores, Girl Scouts, Boy Scouts, bonfire, picnic, cook, cooking, heat"
cannabis,"marijuana, hemp, CBD, pot, reefer, Mary Jane, plant, legal, drug, drugs, smoke, smoked, psychoactive, medicine, medicinal"
capitol,"California, state, building, seat, govern, government, governor, Sacramento, capital, chambers, legislature, assembly, senate, neoclassical"
car,"auto, autos, automobile, vehicle, motor, drive, driving, driver, transport, transportation, highway, freeway, motorway, road, traffic, DMV, ride, engine, passenger, passengers, wheel, exhaust, pollution"
car-alt,"auto, autos, automobile, vehicle, motor, drive, driving, driver, transport, transportation, highway, freeway, motorway, road, traffic, DMV, Department of Motor Vehicles, ride, engine, passenger, passengers, wheel, exhaust, pollution"
care-tweezers,"tweezer, tweeze, pinch, pincer, nip, nipper, pluck, hair, extract, health, healthcare, hygiene, medical, tool, sliver"
caret-down,"carets, arrow, arrows, point, points, pointer, indicate, indicator, direction, directions, control, controls, expand, collapse, open, close, section, accordion, down"
caret-fill-down,"carets, arrow, arrows, point, points, pointer, indicate, indicator, direction, directions, control, controls, expand, collapse, open, close, section, accordion, down"
caret-fill-left,"carets, arrow, arrows, point, points, pointer, indicate, indicator, direction, directions, control, controls, expand, collapse, open, close, section, accordion, left"
caret-fill-right,"carets, arrow, arrows, point, points, pointer, indicate, indicator, direction, directions, control, controls, expand, collapse, open, close, section, accordion. right"
caret-fill-two-down,"carets, arrow, arrows, point, points, pointer, indicate, indicator, direction, directions, control, controls, expand, collapse, open, close, section, accordion, down"
caret-fill-two-left,"carets, arrow, arrows, point, points, pointer, indicate, indicator, direction, directions, control, controls, expand, collapse, open, close, section, accordion, left"
caret-fill-two-right,"carets, arrow, arrows, point, points, pointer, indicate, indicator, direction, directions, control, controls, expand, collapse, open, close, section, accordion, right"
caret-fill-two-up,"carets, arrow, arrows, point, points, pointer, indicate, indicator, direction, directions, control, controls, expand, collapse, open, close, section, accordion, up"
caret-fill-up,"carets, arrow, arrows, point, points, pointer, indicate, indicator, direction, directions, control, controls, expand, collapse, open, close, section, accordion, up"
caret-left,"carets, arrow, arrows, point, points, pointer, indicate, indicator, direction, directions, control, controls, expand, collapse, open, close, section, accordion, left"
caret-line-down,"carets, arrow, arrows, point, points, pointer, indicate, indicator, direction, directions, control, controls, expand, collapse, open, close, section, accordion, down"
caret-line-left,"carets, arrow, arrows, point, points, pointer, indicate, indicator, direction, directions, control, controls, expand, collapse, open, close, section, accordion, left"
caret-line-right,"carets, arrow, arrows, point, points, pointer, indicate, indicator, direction, directions, control, controls, expand, collapse, open, close, section, accordion, right"
caret-line-two-down,"carets, arrow, arrows, point, points, pointer, indicate, indicator, direction, directions, control, controls, expand, collapse, open, close, section, accordion, down"
caret-line-two-left,"carets, arrow, arrows, point, points, pointer, indicate, indicator, direction, directions, control, controls, expand, collapse, open, close, section, accordion, left"
caret-line-two-right,"carets, arrow, arrows, point, points, pointer, indicate, indicator, direction, directions, control, controls, expand, collapse, open, close, section, accordion, right"
caret-line-two-up,"carets, arrow, arrows, point, points, pointer, indicate, indicator, direction, directions, control, controls, expand, collapse, open, close, section, accordion, up"
caret-line-up,"carets, arrow, arrows, point, points, pointer, indicate, indicator, direction, directions, control, controls, expand, collapse, open, close, section, accordion, up"
caret-right,"carets, arrow, arrows, point, points, pointer, indicate, indicator, direction, directions, control, controls, expand, collapse, open, close, section, accordion, right"
caret-two-down,"carets, arrow, arrows, point, points, pointer, indicate, indicator, direction, directions, control, controls, expand, collapse, open, close, section, accordion, down"
caret-two-left,"carets, arrow, arrows, point, points, pointer, indicate, indicator, direction, directions, control, controls, expand, collapse, open, close, section, accordion, left"
caret-two-right,"carets, arrow, arrows, point, points, pointer, indicate, indicator, direction, directions, control, controls, expand, collapse, open, close, section, accordion, right"
caret-two-up,"carets, arrow, arrows, point, points, pointer, indicate, indicator, direction, directions, control, controls, expand, collapse, open, close, section, accordion, up"
caret-up,"carets, arrow, arrows, point, points, pointer, indicate, indicator, direction, directions, control, controls, expand, collapse, open, close, section, accordion, up"
carousel-next,"photo, photos, image, images, slider, slideshow, gallery, header, advance, forward, website, next"
carousel-pause,"photo, photos, image, images, slider, slideshow, gallery, header, halt, stop, website, pause"
carousel-play,"photo, photos, image, images, slider, slideshow, gallery, header, advance, forward, website, play"
carousel-prev,"photo, photos, image, images, slider, slideshow, gallery, header, advance, back, backward, website, previous"
cart-delivered,"deliver, delivery, shop, shopping, store, online, check, checkmark, checkout, transaction, complete, completed, purchase, purchasing, goods, retail, success, successful"
casino,"casinos, game, gaming, gamble, gambling, chance, slot machine, slot, slots, coin-operated, win, winning, winnings, lose, losing, addiction, addict, one-armed bandit, debt"
cc-copyright,"copyrighted, Creative Commons, patent, patented, trademark, service mark, distribution, law, license, licensed, licensing, author, use, owner, ownership, creator, creators, control, permission, creative, work"
cellphone-touch,"cell, cellular, wireless, mobile, smart, phone, smartphone, screen, touchscreen, contact, swipe, pinch, zoom, scroll, finger, fingertip, target"
certificate,"certification, certificated, certify, certified, official, document, documentation, attest, process, authentication, authorized, authorization, complete, completed, credential, diploma, license, licensed, paper, permit, receipt"
certificate-check,"certification, certificated, certify, certified, official, document, documentation, attest, process, authentication, authorized, authorization, complete, completed, credential, diploma, license, licensed, paper, permit, receipt, checked, checkmark, confirmed"
certificate-click,"certification, certificated, certify, certified, official, document, documentation, attest, process, authentication, authorized, authorization, complete, completed, credential, diploma, license, licensed, paper, permit, receipt, cursor, pointer, arrow"
charge,"charging, charger, charged, electric, electricity, electrical, transformer, energy, lightening, flash, shock, shocked, shocking, caution, warning, danger, positive, negative, battery, batteries, level, low, high, cycle, unit, units"
charge-cycle,"charging, charger, charged, electric, electricity, electrical, transformer, energy, lightening, flash, shock, shocked, shocking, caution, warning, danger, positive, negative, battery, batteries, level, low, high, progress, unit, units"
charge-units,"charging, charger, charged, electric, electricity, electrical, transformer, energy, lightening, flash, shock, shocked, shocking, caution, warning, danger, positive, negative, battery, batteries, level, low, high, cycle, unit"
chat,"message, messages, messaging, talk, talking, converse, conversation, informal, friend, friends, friendly, bubble, bubbles, social, social media, app, apps, application, contact, chatbot"
chat-bubble,"message, messages, messaging, talk, talking, converse, conversation, informal, friend, friends, friendly, bubbles, social, social media, app, apps, application, contact, chatbot"
chat-bubbles,"message, messages, messaging, talk, talking, converse, conversation, informal, friend, friends, friendly, bubble, social, social media, app, apps, application, contact, chatbot"
check-fill,"checkmark, mark, tick, tickmark, checklist, list, checklists, lists, yes, correct, select, selected, complete, completed, finished, done, approved, choose, chosen, task"
check-line,"checkmark, mark, tick, tickmark, checklist, list, checklists, lists, yes, correct, select, selected, complete, completed, finished, done, approved, choose, chosen"
check-list,"checkmark, mark, tick, tickmark, checklist, checklists, lists, yes, correct, select, selected, complete, completed, finished, done, approved, choose, chosen, tasks"
check-mark,"checkmark, tick, tickmark, checklist, list, checklists, lists, yes, correct, select, selected, complete, completed, finished, done, approved, choose, chosen, task"
chemical-hazard,"bio, biological, biohazard, waste, toxic, gas, gas mask, disease, threat, dangerous, harmful, health, environment, humans, animals, infectious, infect, contaminate, contamination, microorganism, bacteria, virus, COVID-19, coronavirus, corona, COVID"
chrome,"Google, web, app, application, browser, extensions, themes"
church,"building, public, churches, religion, religious, Christian, worship, service, chapel, parish, sanctuary, shrine, cathedral, cross, steeple"
city,"large, settlement, municipality, metropolis, megalopolis, urban, congested, crowded, people, populated, population, size, density, public, services, capital, downtown, midtown, center"
clipboard,"clip, board, hold, holding, short-term, temporary, store, storage, transfer, cut, paste, pasted, copy, copied, file, files, text, paper, select"
clock,"clocks, time, times, timer, timed, timing, timeout, timepiece, day, date, hour, hours, minute, minutes, second, seconds, measure, device, dial, schedule"
close-fill,"X, control, button, cancel, abort, stop, cut, delete, collapse, shut"
close-line,"X, control, button, cancel, abort, stop, cut, delete, collapse, shut"
close-mark,"X, control, button, cancel, abort, stop, cut, delete, collapse, shut"
cloud-download,"digital, online, save, saving, saved, file, files, data, copy, duplicate, downloading, downloaded, downloads, upload, uploading, uploaded,  uploads"
cloud-gear,"gears, function, functions, functionality, process, processes, processed, processing, save, saving, update, updating, upload, uploading"
cloud-network,"net, networks, networking, connect, connected, interconnected, together, computer, computers, machine, machines, operations, ops, multiple, link, linked, tech, technology, set, group, share, shared, sharing, resources, node, nodes, comms, communication, communications, digital, chain, grid, organization, structure, system, web, online, service, services, sync, synchronized"
cloud-services,"net, networks, networking, connect, connected, interconnected, together, computer, computers, machine, machines, operations, ops, multiple, link, linked, tech, technology, set, group, share, shared, sharing, resources, node, nodes, comms, communication, communications, digital, chain, grid, organization, structure, system, web, online, service, sync, synchronized"
cloud-sync,"net, networks, networking, connect, connected, interconnected, together, computer, computers, machine, machines, operations, ops, multiple, link, linked, tech, technology, set, group, share, shared, sharing, resources, node, nodes, comms, communication, communications, digital, chain, grid, organization, structure, system, web, online, service, services, synchronized"
cloud-upload,"digital, online, save, saving, saved, file, files, data, copy, duplicate, download, downloading, downloaded, downloads, uploading, uploaded, uploads"
code,"hypertext, markup, language, codes, coded, coding, coder, dev, develop, developer, developers, program, programs, programming, programmer, programmers, instructions, render, rendering, computer, digital, online, web, website, webpage, HTML, CSS, JavaScript, Jquery, comms, communications, information, IT, tech, technology, processing"
coffee,"java, joe, refreshment, refreshments, beverage, beverages, drink, drinks, hot, iced, caffeine, caffeinated, cappuccino, espresso, brew, decaf, cafï¿½, cafe, restaurant, stand, cart, roast, roasted, grind, ground, brew, brewed, breakfast, continental, complimentary"
collapse,"expand, open, close, control, controls, minus, -, section, accordion"
collapse-all,"expand, expand all, open, close, control, controls, minus, -, section, accordion"
compass,"instrument, device, navigate, navigation, point, pointer, north, south, east, west, direction, directions, find, way, wayfinding, orient, orientation, align, alignment"
computer,"compute, CPU, PC, Mac, laptop, desktop, tablet, responsive, web, online, digital, internet, electronic, device, store, storing, process, processing, data, binary, program, programs, programming, app, apps, application, applications, machine, operation, operations, tech, technology, IT"
connection,"connection,internet,broadband,cables,connector"
construction,"construct, constructing, build, builder, building, develop, development, under construction, dust, plan, planning, block, blocked, caution, warning, traffic, route, reroute, rerouting, redirect, redirecting, road, no parking, parking, pylon, cone, cones, safe, safety, hazard"
contact-us,"contacts, contacting, call, caller, calling, phone, telephone, telecom, telecommunications, communications, phonecall, ring, ringer, ringing, ringtone, buzz, bell, tinkle, sound, volume, speak, speaking, speakerphone, message, text, email, emails, letter, letters, mail, mailing"
contacts,"contact, connect, connection, connected, friend, family, coworker, colleague, acquaintance, address, addresses, address book, phone, number, numbers, info, information, details, communicate, communication, call, email, write"
copy,"copy,preserving,downloading,files,data,copy,duplicate,saving"
coronavirus,"COVID-19, COVID, corona, disease, threat, dangerous, harmful, health, emergency, humans, infectious, infect, contaminate, contamination, microorganism, bacteria, virus, vaccine, vaccination, booster, mask, masked, masking, mandate, distance, social distancing, 6 feet, cough, coughing, cover, symptoms, sick, sickness, ill, illness, public, wash, hands, sanitize, sanitizer, hospital, pandemic, epidemic, quarantine"
coughing,"COVID-19, COVID, coronavirus, corona, disease, threat, dangerous, harmful, health, emergency, humans, infectious, infect, contaminate, contamination, microorganism, bacteria, virus, vaccine, vaccination, booster, mask, masked, masking, mandate, distance, social distancing, 6 feet, cough, cover, symptoms, sick, sickness, ill, illness, public, wash, hands, sanitize, sanitizer, hospital, pandemic, epidemic, quarantine"
cover,"COVID-19, COVID, coronavirus, corona, disease, threat, dangerous, harmful, health, emergency, humans, infectious, infect, contaminate, contamination, microorganism, bacteria, virus, vaccine, vaccination, booster, mask, masked, masking, mandate, distance, social distancing, 6 feet, cough, coughing, symptoms, sick, sickness, ill, illness, public, wash, hands, sanitize, sanitizer, hospital, pandemic, epidemic, quarantine"
cruise-ship,"ships, boat, boats, yacht, yachts, canal, river, ocean, oceans, sea, seas, luxury, water, shore, coast, excursions, passenger, passengers, pleasure, vacation, port, sail, destination, travel"
cubes,"cube, cubed, cuboid, 3D, three-dimensional, dimensions, step, steps, shape, six, square, squares, geometry"
currency,"money, monies, dollar, dollars, cent, cents, cash, bill, bills, coin, coins, pay, payment, method, payee, calculate, note, legal, tender, finance, finances, tax, taxes"
cut,"cut,files,duplicate,save,scissors,copy,paste,data"
dam,"hydroelectric, water, supply, energy, clean energy, electric, electricity, block, barrier, structure, hold, reservoir, river, stream, flood, flooding, control, storage, drought"
danger,"exposure, jeopardy,  risk, threat, vulnerability, poison, toxic, contaminate, contamination, deadly, harmful, lethal, dangerous, danger zone, disease, harmful, polluted, skull, skeleton, unbreatheable, hazard, biohazard, gas, gas mask, warn, warning, exclamation, alert, attention"
delete,"annul, trash, trash can,  trash bin, destroy, desctruction, eliminate, wipe out, toss, clear, erase, exinguish, remove, garbage, garbage bin, recycle bin, dispose, disposal"
desktop-checklist,"computer, home computer, computer screen, screen, computer monitor, monitor, work station, desk, list, listing, menu, catalog, index, inventory, program, template, check box, to-do list, directory, poll, schedule, tally, playlist, list, checklists, lists, yes, correct, select, selected, complete, completed, finished, done, approved, choose, chosen"
desktop-video-module,"computer, home computer, computer screen, screen, computer monitor, monitor, work station, desk, recording, play, edit, video camera, video game, movie, display, video library, slideshow, playlist, movie, motion, motion graphic, edit"
dice,"pair of dice, roll the dice, throw of the dice, gamble, gambling, casino, casinos, dice games, bet, betting, wager, lottery, risk, chance, toss up,  game, gaming, slot machine, slot, slots, coin-operated, win, winning, winnings, lose, losing, addiction, addict, one-armed bandit, debt"
digging,"dig, construction, construction work, construction worker, roadwork, work, dirt, soil, foundation, labor, ground, shovel"
directions,"arrows, points, pointers, direct, directions, indicate, indicator, control"
discovercard,"credit, credit card, discover, discover credit, discover financial, discover bank, charge, charges, pay, payment, pin, pin number, account, account number, balance, bill, interest, debt, fees, approval, login, dispute, expiration date, discover card logo, discover logo, epay, e-pay, wallet, money, buy"
distance,"COVID-19, COVID, corona, disease, threat, dangerous, harmful, health, emergency, humans, infectious, infect, contaminate, contamination, microorganism, bacteria, virus, vaccine, vaccination, booster, mask, masked, masking, mandate, distance, social distancing, 6 feet, cough, coughing, cover, symptoms, sick, sickness, ill, illness, public, wash, hands, sanitize, sanitizer, hospital, pandemic, epidemic, quarantine, space, personal space, distant, gap, separate, separated, separation, apart, disconnected, divorce, divorced, divide, divided"
do-not-sign,"don't, avoid, prohibited, prohibited symbol, stop, circle slash, slash, clear, no, "
document,"doc, paper, file, form, certificate, page, description, article, text, draft, note, notice, assignment, Windows"
dot,"dot,period,bullet,point"
down,"point, points, pointer, indicate, indicator, direction, control, down"
down-left,"point, points, pointer, indicate, indicator, direction, control, down, left"
down-right,"point, points, pointer, indicate, indicator, direction, control, down, right"
download,"file, files, data, cloud download, downloading, app, point, points, pointer, indicate, indicator, direction, control, down"
download-cloud,"file, files, cloud, cloud data, data, cloud download, downloading, cloud server, cloud data, cloud storage, app, point, points, pointer, indicate, indicator, direction, control, down"
drag,"drag, drag indicator, cursor, arrows, directions, gesture, drop, drag and drop"
drawer,"inbox, tray, paper tray, desk drawer, bin, empty"
drive,"hard drive, drive, hardware, storage, data, files, external, external hard drive, portable, portable hard drive, computer hard drive"
ear,"listen, hear, hearing, heed, observe, quiet, noise, anatomy, ear ache, volume, noise control on, noise aware. earbuds, sound, surround sound, audio, audio on"
ear-slash,"do not listen, can not hear, hearing disabled, do not observe, be quiet, mute, volume off, noise control off, earbuds, audio off"
earthquake,"tremor, fault, movement, seismic wave, shake, tremble, disaster, disaster relief, aftershock"
electricity-hazard,"voltage, high voltage, danger, warning, electric shock, heat, flamable, electric current, electrical hazard"
email,"electronic message, online correspondence, send, reply, envelope, letter, mail, contact information, email address, outgoing, inbox, forward, subscribe, unscribe"
entertainment,"circus, circus tent, big top, carnival, carnival rides, fun, amusement park, state fair, county fair, festival, show"
envelope-checklist,"email confirmation, checkmark, mark, tick, tickmark, checklist, checklists, lists, yes, correct, select, selected, complete, completed, finished, done, approved, choose, chosen, electronic message, online correspondence, send, reply, envelope, letter, notice, mail, outgoing, inbox"
excel,"excel file, microsoft excel file, excel sheet, spreadsheet, spreadsheet software, excel logo"
expand,"add, plus sign, increase, more, positive, sum, total, open, open accordion, collapsible, dropdown, ui"
expand-all,"open, open accordion, collapsible, dropdown, ui"
external-link,"open, open link, website, warning, leave website, leaving website, navigation"
eye,"view, preview, reveal, focus, see, look, show, watch, viewpoint, visibility, eagle eye, eye chart, eye doctor, optometry, optometrist, opthamology, opthamologist, lens, anatomy"
eye-slash,"hide, do not show, disable view, visibility off, out of focus, "
facebook,"social, social media, contacts, friends, networking, facebook logo"
family,"clan, household, people, group, tribe, ancestry, child, children, generations, relatives, siblings, support, parents"
family-alt,"clan, household, people, group, tribe, ancestry, child, children, generations, relatives, siblings, support, parents, extended family, family fun, celebration, fun"
fastfood,"food, junk food, meal, burger, hamburger, soda, milkshake, drive-through, drive-thru, take-out"
favorite,"star, star rate, rate, rating, grade, class, brilliant, assessment, rank, score, popular, prize, choice, like, top"
features,"star, star rate, rate, rating, grade, class, brilliant, assessment, rank, score, popular, prize, choice, like, top, check, checkmark, yes, correct, select, selected, complete, completed, finished, done, approved, choose, chosen"
ferry,"commute, commuter, transportation, public transportation, boat, ferry boat, passage boat, ferry terminal, barge"
file,"data, information, paper, document, page, file format, format, file type"
file-audio,"audio, music, sound, phonic, mp3, mp4, wav, wav file, listen, recording"
file-certificate,"official document, page, select, winner, diploma, graduate, completed, certified, certification, award, ribbon, choice, prize, top, rank, grade, yes, approved, approved file, approval"
file-check,"data, information, document, page, file format, file type, check, checkmark, mark, tick, tickmark, checklist, checklists, lists, yes, correct, select, selected, complete, completed, finished, done, approved, choose, chosen, task"
file-code,"html, html file, developer, programmer, programming, code blocks, markup, markup elements, source code, tag"
file-csv,"csv, csv file, comma-separated values, file format, file type, text file, table structure format, tabular format"
file-download,"download file, file download, document, downloading, down"
file-excel,"excel file, microsoft excel file, excel sheet, spreadsheet, spreadsheet software, excel logo, delete file, ignore, avoid"
file-export,"export, send, send out, forward, transfer, transport, expedite, submit, put, file, data, information, document, page"
file-import,"import,data import, put, file, data, information, document, page"
file-invoice,"invoice, receipt, money, $, account balance, balance due, accounting, payment, calculate, finances, financial, quote, estimate, budget, statement, bill"
file-medical,"medical file, hospital, treatment, aid, medical records, medical service, health, health care, cross, first aid, documents, data, information, add file, plus, plus sign, increase, more, positive"
file-medical-alt,"monitor heart, heart rate, heartbeat, medical file, hospital, medical records, medical service, health, health care, first aid, documents, data, information"
file-pdf,"pdf, pdf file, portable document format, file format, file type, adobe acrobat logo"
file-powerpoint,"p, ppt, ppt file, microsoft powerpoint file, file format, file type, slides, slide show, presentation, presentation, training, template"
file-prescription,"rx, prescription, pharamacy, pills, drugs, aid, medicine, vaccine, treatment, medication, medical file, hospital, records, medical service, health, health care, documents, data, information"
file-upload,"upload file, file upload, document, uploading, up, transfer, send"
file-video,"video, video file, video cam, camera, record, recording, file format, format, file type"
file-word,"w, word, microsoft word, doc, word doc, text, file format, file type, template"
file-zip,"zipper, zip file, compressed file, archive file format, file type, compress, archive, extract, upzip"
film,"film, filmstrip, negatives, movies, theaters, camera roll"
filter,"filter, funnel, drain, refine, sift, screen, sort"
filter-solid,"filter, funnel, drain, refine, sift, screen, sort"
fingerprint,"fingerprint, identification, scan, scam, profile, identity, identity theft, fraud, notarized, authentic document"
fingerprint-check,"fingerprint, identification, scan, scam, profile, identity, notarized, authentic, official document, certified"
fire,"fire, wild fire, wildfires, burn, burning, flames, flamable, fire department, smoke, blaze, burning, flame, emergency, dangers, urgency, disaster, hazards, banned, restrictions, fire prevention, wild fire, heat"
firefox,"firefox logo, browser, open-source web browser"
fitness,"fitness, physical fitness, fitness center, exercise, health, wellness, wellbeing, weights, weightlifting, strength, dumbbells"
fitness-alt,"fitness, physical fitness, fitness center, exercise, health, wellness, wellbeing, weights, weightlifting, strength, self care"
flickr,"social, social media, photographs, pictures, images, gallery, flickr logo"
flood,"flood, disaster, emergency, hazards, water, severe-weather, hurricane, storm"
flowchart,"flowchart, workflow, bars, data, hierarchy, directory"
folder,"folder, binders, cases, portfolios"
football,"football, sports, ball, games, players, sports"
gas-pump,"gas-pump, gasoline, oil, petroleum, oil"
gear,"gear, functionality, settings, engineering, bulding, organizing, systems"
gears,"gears, functionality, settings, engineering, bulding, organizing, systems, applications"
github,
glass,"glass, wines, drinks, alcohol, cocktails, liquors, beer"
globe,"globe, earth, world, planet, languages, people, population"
golf,"golf, sport, holes, play"
google,"google, search, engine"
google-plus,"google-plus, social media"
graduate,"graduate, bachelors, alumnus, diplomas, colleges, university, schools, education"
graduate-pointer,"graduate-pointer, bachelors, alumnus, diplomas, colleges, university, schools, education"
graph,"graph, charts, metrics, data, reporting"
green,"green, ecology, clean, conservation, preservation, climate"
grid,"grid, networking, applications, projects, framework"
hair,"hair, personal care, barber shop, styles, fashion"
hair-salon,"hair-salon, personal care, barber shop, styles, fashion"
hand,"hand, participate, initiative"
hand-heart,"hand-heart, care, loving, love, sympathy, therapy, helping"
hand-money,"hand-money, finances, business, investments, management, procurement"
hand-water,"hand-water, conserve, saving, resources, hydro"
handshake,"handshake, businesses, connections, onboardings, contracts, colaboration, teamwork, agreements, trusting, arrangements, unity, alliance"
happy,"happy, kind, fun, emoji, glad, smile, smiling, face"
hazard,"hazard, emergency, threat, caution"
heart,"heart, love, like, favorites"
highway,"highway, roadway, transportation"
home,"home, homepage, landing, frontpage"
home-education,"home-education, online-education, learning, students"
home-graduate,"home-graduate, online-graduate, home-education, colleges, students, schools"
hourglass,"hourglass, timer, countdown"
hours,"hours, timer, timetable, minutes"
hours-security,"hours-security, protections, cyber security"
house,"house, homepage, landing, frontpage"
hurricane,"hurricane, hazard, warnings, severe-weather, emergency"
idea,"idea, concepts, beliefs, plans, design, solutions, spark, brainstorming, researching"
idea-alt,"idea-alt, concepts, beliefs, plans, design, solutions, spark, brainstorming, researching"
ie,"ie, explorer, edge, Microsoft, browsers, online, internet"
image,"image, pictures, figure, illustration"
images,"images, pictures, figure, illustration"
important,"important, priority, exclamation mark, order, ranking"
important-line,"important-line, priority, exclamation mark, order, ranking"
improvements,"innovations, progress, upward, better, benefits, gain, good, profits, values, advantages"
info,"info, information, knowledge, data, reporting, notices"
info-bubble,"info-bubble, information, quote, conversation, talking, notices"
info-line,"info-line, information, quote, conversation, talking, notices"
instagram,"instagram, social media, internet, communications, posting, like"
institute,"institute, establishment, department, agency, institution, education"
justice-legal,"justice-legal, system, laywers, attorney, prosecution"
key,"key, open, locks, unlock, understanding, wisdom, secrets"
lab-tests,"lab-tests, laboratory, testing, unit-testing, workshop, user-testing"
law-enforcement,"law-enforcement, police, department, persecution, cops, detective"
left,"left, directions, arrows, points, pointer, indicate, indicator"
lightbulb,"lightbulb, idea, design, brainstorming, spark, electricity, light, enlightenment, insight, wisdom"
link,"link, hyperlinks, navigation, online"
linkedin,"linkedin, social media, contacts, networking"
location,"location, area, pointer, maps, GIS"
lock,"lock, security, defense, shield, cyber, access, permissions"
logo,"logo, logotypes, symbols, branding, identity, california"
magnify-glass,"magnify-glass, investigation, microscopic, closer look, zoom, enlarge, increase, search, google, finding"
mail,"mail, notifications, emails, contacts, communicate"
maintenance,"maintenance,support,worker,adjustments,settings,gears"
malware,"malware, cyber, attack, worm, online, threat, hackers, hacking, phishing, social engineering"
map,"map, directions, mapping, GIS, locations, areas"
mask,"mask, disease, threat, dangerous, harmful, health, infectious, contamination, microorganism, bacteria, virus, COVID-19, coronavirus"
mask-dark,"mask, disease, threat, dangerous, harmful, health, infectious, contamination, microorganism, bacteria, virus, COVID-19, coronavirus"
mask-light,"mask, disease, threat, dangerous, harmful, health, infectious, contamination, microorganism, bacteria, virus, COVID-19, coronavirus"
mastercard,"mastercard, pay, payment, charge, epay, e-pay, wallet, money, buy"
medal,"medal, medallion"
medical,"medical, hospital, healthcare, doctors, clinic, medicine"
medical-bubble,"medical-bubble, hospital, healthcare, doctors, checkup, clinic, medicine"
medical-care,"medical-care, hospital, healthcare, doctors, checkup, clinic, medicine"
medical-case,"medical-case, hospitals, healthcare, doctors, checkup, medicaments, aid, clinic, medicine"
medical-clinic,"medical-clinic, hospitals, healthcare, doctors, checkup, medicaments, aid, medicine"
medical-cross,"medical-cross, hospitals, healthcare, doctors, checkup, medicaments, aid, medicine"
medical-doctor,"medical-doctor, hospitals, healthcare, checkup, medicaments, aid, medicine"
medical-heart,"medical-heart, hospitals, healthcare, doctors, checkup, medicaments, aid, therapy, medicine"
medical-pills,"medical-pills, hospitals, healthcare, pharmacy, checkup, medicaments, aid, drugs, pharmacy, medicine"
medical-shipped,
megaphone,"megaphone, announcements, news, alert, notice, featured, speaker, public speaking"
menu,"menu, navigation, mobile, hamburger"
menu-toggle-closed,"menu-toggle-closed, navigation, mobile, hamburger"
menu-toggle-open,"menu-toggle-open, navigation, mobile, hamburger"
mic,"mic, microphone, speaking, speaker"
microsoft,microsoft
minus-fill,"minus-fill, accordion, expandable, collapse, navigation"
minus-line,"minus-line, accordion, expandable, collapse, navigation"
minus-mark,"minus-mark, accordion, expandable, collapse, navigation"
mobile,"mobile, cellphone, telephone, cellular, iphone, android"
mobile-graduate,"mobile-graduate, cellphone, telephone, cellular, iphone, android, education, remote, school, online, applications"
mobile-textbook,"mobile-textbook, ebook, library, reading, readers"
museum,"museum, anthropology, archeology"
museum-alt,"museum-alt, anthropology, archeology"
music,"music, melody, notes, composing, songs, concerts, artists"
nail-polish,"nail-polish, personal-care, cosmetics, beauty, salon, hair, barbershop"
no-coughing,"no-coughing, biohazard, hazard, disease, threat, dangerous, harmful, health, infectious, contaminate, contagion, bacteria, COVID-19, coronavirus, flu, banned, restrictions"
no-handshake,"no-handshake, biohazard, hazard, disease, threat, dangerous, harmful, health, infectious, contaminate, contagion, bacteria, COVID-19, coronavirus, flu, banned, restrictions"
no-smoking,"no-smoking, cigarettes, tobacco, weed, dope, pot, grass, banned, restrictions"
no-travel,"no-travel, banned, transportation, restrictions, curfew, staying-home"
no-virus,"no-virus, biohazard, hazard, disease, threat, dangerous, harmful, health, infectious, contaminate, contagion, bacteria, COVID-19, coronavirus, flu, banned, restrictions"
online-education,"online-education, homeschooling, learning, teaching"
online-graduate,"online-graduate, graduation, school, college, university, bachelors, education"
online-help,"online-help, internet, services, customers"
online-module,"online-module, computers, slideshow, presentations, lessons, webinar"
online-services,"online-services, customers, action, clicks"
opera,"opera, browsers, internet, websites"
paddle-boat,"paddle-boat, ships, boats, transport, canal, river, oceans, seas, water"
page,"page, webpage, texts, paragraphs, content"
palette,"palette, colors, schemes, artists, paintings"
party,"party, companionship, fun, celebration, friends"
paste,
pause,"pause, stop, controls, play, videos, player"
payment-card,"payment-card, pay, payment, charge, epay, e-pay, wallet, money, buy"
paypal,"paypal, pay, payment, charge, epay, e-pay, wallet, money, buy"
pdf,"pdf, file, document, format"
pdf-text,
pencil,"pencil, sketching, notes, editing, artists, illustration"
pencil-edit,"pencil-edit, sketching, notes, editing"
people,"people, community, users, club, folks, teams, humans, population"
person,"person, users, individual, someone, soul, somebody, humans"
personal-care,"personal-care, brush, salon, beauty"
pharmacy,
phone,"phone, calling, contacts, communications, ringtone"
pie-chart,"pie-chart, data, graphs, metrics, visualization, dashboard"
pinterest,"pinterest, social media"
pipe,"pipe,line,divider,separator"
pipe-angle,"pipe-angle,line,divider,separator"
places,"places, maps, locations, distance, directions, pins"
play,"play, player, audio, videos, controls, pause, triangle, arrow"
plus-fill,"plus-fill, controls, expand, collapse, open, close, section, accordion"
plus-line,"plus-line, controls, expand, collapse, open, close, section, accordion"
plus-mark,"plus-mark, controls, expand, collapse, open, close, section, accordion"
powerpoint,"powerpoint, slideshow, presentations"
print,"print, printing, printer"
pro-services,"pro-services, customers, services, professionals, occupation, skills, experts"
procurement,"procurement, management, agency, money, budget"
project,"project, plans, design, schemes, management, workflow"
pushpin,"pushpin, office, announcements"
puzzle,"puzzle, set, pattern, fitting"
puzzle-piece,"puzzle-piece, set, object, pattern, fitting"
quake-hazard,"quake-hazard, seismic, quakes, temblors, hazards, accidents, casualty, dangers"
quake-house,"quake-house, seismic, quakes, temblors, hazards, accidents, casualty, dangers"
question,"question, mark, questions, uncertainty, asking, poll"
question-fill,"question-fill, faq, questions, uncertainty, asking, poll"
question-line,"question-line, faq, questions, uncertainty, asking, poll"
quotation-mark,
quote-fill,"quote-fill, quotations, marks, testimonials"
radiation,"radiation, radioactivity, hazards, dangerous, warning"
rail,"rail, railroad, transportation, lightrail, subway"
read-book,"read-book, reading, library, readers"
reader,"reader, books, library"
recycle,"recycle, reprocess, reuse, climate, clean"
responsive,"responsive, mobile, devices, viewport, design"
responsive-alt,"responsive-alt, mobile, devices, viewport, design"
restaurant,"restaurant, food, dinner, supper, lunch, fork, dishes, menu"
right,"right, arrows, points, pointer, indicate, indicator, directions, controls"
road,"road, highways, transportation"
road-pin,"road-pin, destination, directions, maps, locations"
roadways,"roadways, highways, transportation"
rss,"wifi, wi-fi, internet, online, signal, connection, network"
rv,"rv, mobilehome, camping"
safari,"safari, browser, Macintosh, internet"
sail-ship,"sail-ship, ships, boats, yachts, canal, river, oceans, seas, luxury, water"
save,
science,"science, knowledge, information, data, scientific, methodology, experiments"
scooter,scooter
sea-level-rise,"sea-level-rise, oceans, hazards, warnings"
sea-level-rise-alt,"sea-level-rise-alt, oceans, hazards, warnings"
search,"search, google, finding, engine"
search-right,"search-right, google, finding, engine"
searching,"searching, researching, google, results, engine"
security-network,"security-network, cyber security, protections, shield, locks, safety"
security-system,"security-system, cyber security, protections, shield, locks, safety"
server,"server, computer, hard drive, memory, storage, cloud, technology"
severe-weather,"severe-weather, hazard, lightening, storm, warning, alerts"
share,"social, social media, send, share, share online, disseminate, networking, viral "
share-button,"social, social media, send, share, share online, disseminate, networking, viral "
share-email,"electronic message, online correspondence, send, reply, envelope. letter, mail, contact information, email address, outgoing, inbox, forward, subscribe, unscribe"
share-facebook,"social, social media, contacts, friends, networking, facebook logo"
share-flickr,"social, social media, photographs, pictures, images, gallery, flickr logo"
share-googleplus,"social, social media, contacts, friends, networking, google plus logo"
share-instagram,"social, social media, contacts, friends, networking, instagram logo"
share-linkedin,"social, social media, contacts, friends, networking, professionals. linkedin logo"
share-pinterest,"social, social media, contacts, friends, networking, ideas, pinterest"
share-snapchat,"social, social media, contacts, friends, networking, messages, snapchat logo"
share-twitter,"social, social media, contacts, friends, networking, posting, posts, tweets, twitter logo"
share-vimeo,"social, social media, videos, player, cloud, uploading, pictures, motion, vimeo logo"
share-youtube,"social, social media, videos, player, cloud, uploading, pictures, motion, screen, channels, subscribers, subscription, likes, views, viral, youtube logo"
shield,"armor, protection, safety, security, cyber, digital, insurance"
shield-check,"armor, protection, safety, security, cyber, digital, insurance, secured, certification, certified, confirmation"
ship,"boats, transporting, transportation, freight, canals rivers, oceans, seas, water, ports, cargo, sail, ferry"
shopping-cart,"baskets, stores, bags, grocery, retail, online, customers, buying, payments, charges, money, wallets, e-pay"
sign-language,"deaf, interpreter, communication, conversation, hands, understanding"
skip-backwards,"player, controls, videos, arrows, movies"
skip-forward,"player, controls, videos, arrows, movies"
smartphone,"mobile, phones, cellphone, touchscreen, iphone, communication, messages, texting, wireless, contacts, swipe"
smoking,"tobacco, cigarettes, cigar, weed, dope, pot, grass, banned, lungs"
snapchat,"social, social media, contacts, friends, networking, messages, snapchat logo"
soap,"bubbles, foam, clean, hygiene, soap dispenser"
soccer,"ballgame, football, stadiums, goals, sports, teams, fans, matches, kicks"
sos,"helping, emergency, signals, safety, safeguards"
spartan-helmet,"warrior, armor, mascot, college, spartan, helmet"
speech-dialog,"conversations, communications, bubbles, speakers"
speedtrain,"transportation, bullet, high, passengers, fast, traveling, express"
state,"california, map, government, GIS, population, census, shape, state shape"
stay-home,"lockdown, covid-19, coronavirus, safety, sickness, home, working, remote. isolate"
stop-fire,"blaze, burning, flame, flamable, fire department, emergency, dangers, urgency, disaster, hazards, banned, restrictions, fire prevention, wild fire, heat"
stop-hand,"sign, negative, banning, prohibition, taboo, forbidding, banishment, eject, hi-five, hello"
suv,"car, vehicle, jeep, driving, off-road, camping, transportation, autos, automobiles, motor, highway, freeway, engine, ride, pollution"
table,"grid, excel, array, columns, rows, records, spreadsheet"
tablet,"touchscreen, mobile, responsive, android, Macintosh, ipad, electronic,  digital, applications, technology"
tags,"tickets, shreds, prices, name, luggage, baggage, retail, shopping, store"
team,"collaboration, teamwork, meeting, huddle, partnership, innovation, working, togetherness, group, business, people"
teams,"collaboration, teamwork, meeting, huddle, partnership, innovation, working, togetherness, group, business, people"
technology-reuse,"engineering, cloud,  science, innovation, digital, data, networking, computers, online, website, servers"
teleworking,"telecommuting, working from home, home, distance, computer, freelancer, self-employment"
temple,"tabernacle, synagogue, castle, building, worship, church, archeology, mythology, pillar"
tennis,"tennis, courts, balls, players, sports, serving, volleys, activity"
tent,"camping, shelter, hiking, outdoors, leisure, trip, forrest, wilderness, activity"
testing,"medicine, laboratory, examination, unit-testing, workshop, user-testing"
testing-alt,"medicine, laboratory, examination, unit-testing, workshop, user-testing"
textbook,"e-book, reading, library, ebook, online, digital"
thumb-up,"emoji, liking, likes, favorites, social media, approval, okay, acceptance, favor, recognition"
time,"clock, calendar, management, hours, minutes, seconds, timer, schedule, early, late"
tool,"appliance, implementation, instruments, machines, mechanisms, working, wrench, setting, fixing, mechanics, workshop"
tools,"appliance, implementation, instruments, machines, mechanisms, working, wrench, setting, fixing, mechanics, workshop, repair"
tornado,"hazards, warnings, emergency, storms, twisters, disaster, destruction, hurricanes, damages, flood, siren, shelters"
train,"transportation, light-rail, passengers, railroad, traveling, subway"
transport,"transport,vehicles,roads,driving,infrastructure,cars,railroad"
travel-air,"airplane, sky, transportation, passengers, traveling, altitude, airports, baggage, luggage, business, engine, cabin, takeoff"
travel-car,"autos, automobile, vehicle, motor, driving, driver, transportation, highway, freeway, motorway, road, traffic, DMV, ride, engine, passengers, wheel, exhaust, pollution"
triangle-down,"arrows, points, pointer, indicate, indicator, direction, control, shape, down"
triangle-left,"arrows, points, pointer, indicate, indicator, direction, control, shape, left"
triangle-line-down,"arrows, points, pointer, indicate, indicator, direction, control, shape, down"
triangle-line-left,"arrows, points, pointer, indicate, indicator, direction, control, shape, left"
triangle-line-right,"arrows, points, pointer, indicate, indicator, direction, control, shape, right"
triangle-line-up,"arrows, points, pointer, indicate, indicator, direction, control, shape. up"
triangle-right,"arrows, points, pointer, indicate, indicator, direction, control, shape, right"
triangle-up,"arrows, points, pointer, indicate, indicator, direction, control, shape, up"
trolleybus,"busses, urban, city, metro, transit, public, transportation, fares, access, passengers, vehicle, route, service, municiple"
trophy,"award, winner, winning, medal, praise, acknowledgement, successful, best, achievement, advantage, triumph, victory, benefits, edge, values"
truck,"trucking,  transportation, cargo, freight, transporting, moving, logistics, drivers, hauling, commercial, business, semi, highway, freeway, roadway, fleet"
truck-alt,"trucking,  transportation, cargo, freight, transporting, moving, logistics, drivers, hauling, commercial, business, semi, highway, freeway, roadway, fleet"
truck-delivery,"trucking,  transportation, cargo, freight, transporting, moving, logistics, drivers, hauling, commercial, business, semi, highway, freeway, roadway, fleet"
tsunami,"hazard, disaster, warnings, siren, seas, oceans, waves, emergency, destructions, damages, flood, aids, aftermath, evacuation, storm"
tsunami-alt,"hazard, disaster, warnings, siren, seas, oceans, waves, emergency, destructions, damages, flood, aids, aftermath, evacuation, storm"
twitter,"hazards, warnings, emergency, storms, twisters, disaster, destruction, hurricanes, damages, flood, siren, shelters, twitter logo"
up,"arrows, triangle, points, indicate, indicator, direction, control, up"
up-left,"arrows, triangle, points, indicate, indicator, direction, control, left"
up-right,"arrows, triangle, points, indicate, indicator, direction, control, right"
update,"reload, refresh, renovate, renovation, renew, restore, controls, cycle, indicator"
upload-cloud,"digital, online, saved, saving, files, data, copy, duplicate, downloading, downloads, uploading, uploads"
user-desk,"workplaces, counters, offices, cubicles, computers, work-stations, employees, workers, testers"
user-desktop-instructor,"online, education. trainings, instructions, presentations, zoom, lessons, digital, bubble, speaker, remote, homeschooling, students, meeting, teachers"
user-headphone,"audio, listen. listening, hears, hearing, headphones, headset, music, earpiece, speaker, ears, podcast"
user-id,"identity, licenses, badges, photos, identification, digital, real, tags, fingerprint"
user-laptop,"CPU, PC, identification, web, online, digital, internet, electronic, device, processing, storing, data, programming, apps, applications, operations, technology"
users,"person, people, digital, end-users, applications, technology, data, audience, workers, teamwork, meeting, togetherness, group,employees"
users-alt,"person, people, digital, end-users, applications, technology, data, audience, workers, teamwork, meeting, togetherness, group, employees"
users-check-mark,"person, people, end-users, applications, technology, data, audience, workers, teamwork, meeting, togetherness, group, certification, authorization, confirmation"
users-dialog,"person, people, end-users, audience, conversations, communications, bubbles, speakers"
users-huddle,"person, people, digital, end-users, applications, technology, data, audience, workers, teamwork, meeting, togetherness, group,employees"
users-interaction,"person, people, end-users, audience, workers, teamwork, meeting, togetherness, group, employees, conversations, communications, bubbles, speakers"
vaccine,"infectious, infection, bacteria, virus, vaccination, booster, symptoms, sickness, illness, hospital, pandemic, epidemic, coronavirus, covid-19, flu, shots, medicine"
vaccine-check,"infectious, infection, bacteria, virus, vaccination, booster, symptoms, sickness, illness, hospital, pandemic, epidemic, coronavirus, covid-19, flu, shots, medicine"
vaccine-patient,"infectious, infection, bacteria, virus, vaccination, booster, symptoms, sickness, illness, hospital, pandemic, epidemic, coronavirus, covid-19, flu, shots, medicine"
van,"car, vehicle, driving, transportation, autos, automobiles, motor, highway, freeway, engine, ride, pollution"
video,"moving picture, movies, films, television, views, cameras"
video-camera,"moving picture, movies, films, television, views, cameras"
vimeo,"videos, player, cloud, uploading, pictures, motion, vimeo logo"
virus,"COVID-19, COVID, corona, disease, threat, dangerous, harmful, health, emergency, humans, infectious, infect, contaminate, contamination, microorganism, bacteria, virus, vaccine, vaccination, booster, mask, masked, masking, mandate, distance, social distancing, 6 feet, cough, coughing, cover, symptoms, sick, sickness, ill, illness, public, wash, hands, sanitize, sanitizer, hospital, pandemic, epidemic, quarantine"
viruses,"COVID-19, COVID, corona, disease, threat, dangerous, harmful, health, emergency, humans, infectious, infect, contaminate, contamination, microorganism, bacteria, virus, vaccine, vaccination, booster, mask, masked, masking, mandate, distance, social distancing, 6 feet, cough, coughing, cover, symptoms, sick, sickness, ill, illness, public, wash, hands, sanitize, sanitizer, hospital, pandemic, epidemic, quarantine"
visa,"pay, payment, charge, epay, e-pay, wallet, money, buy, credit, card, credit card, visa, visa credit, financial, charge, charges, pay, payment, pin, pin number, account, account number, balance, bill, interest, debt, fees, approval, login, dispute, expiration date, visa card logo, visa logo"
volcano,"warning, hazard, danger, damages. Lava, destruction, eruption, smoke, emergency"
volume,"volume, sound, listening, speaking, speakerphone, hearing, audio, loud"
wallet,"pay, payment, charge, epay, e-pay, wallet, money, buy, credit, card"
warning-circle,"alert, exclamation, announcement, mark, caution, attention"
warning-diamond,"warning-diamond,caution,alert,hazard,exclamation,announcement,attention"
warning-fill,"alert, exclamation, announcement, mark, caution, attention"
warning-square,"alert, exclamation, announcement, mark, caution, attention"
warning-triangle,"alert, exclamation, announcement, mark, caution, attention"
wash,"hands, sanitizer, hygiene, bacteria, disease, infection, soap, bubbles, foam, clean"
water,"water,clean,droplet,rain,clear,ecology"
wind-power,"wind-power,renewable,energy,clean,turbine"
word,"Microsoft, texts, content, application"
yacht,"ships, rich, boats, canal, rivers, oceans, seas, water"
youtube,"social, social media, videos, player, cloud, uploading, pictures, motion, screen, channels, subscribers, subscription, likes, views, viral"
zipped-file,"archives, compression, documents, compressed"
zoo,"animals, family, park, zoology, garden, fauna "
zoo-alt,"animals, family, park, zoology, garden, fauna "
zoom-in,"Boost, expand, grow, maximize, minimize, magnify, broaden, enlarge, more"
zoom-out,"collapse, minimize, maximize, diminish, reduce, decrease, less"
